epoch,time,train/box_loss,train/cls_loss,train/dfl_loss,metrics/precision(B),metrics/recall(B),metrics/mAP50(B),metrics/mAP50-95(B),val/box_loss,val/cls_loss,val/dfl_loss,lr/pg0,lr/pg1,lr/pg2
1,8.14419,1.6022,2.58066,1.22038,0,0,0,0,1.19041,4.26669,1.07827,0.00062963,0.00062963,0.00062963
2,13.2309,1.34445,1.04669,1.12194,1,0.34351,0.345,0.19673,1.30702,4.06131,1.15349,0.00127063,0.00127063,0.00127063
3,18.3225,1.39228,1.0385,1.18209,0.46396,0.78626,0.5885,0.33624,1.39605,3.51455,1.27482,0.00188523,0.00188523,0.00188523
4,22.7406,1.29748,0.94898,1.13621,0.37538,0.9542,0.64174,0.3736,1.27981,3.17414,1.16778,0.0018812,0.0018812,0.0018812
5,28.3403,1.35207,0.92234,1.14992,0.98417,0.47467,0.86117,0.49325,1.37636,2.17485,1.19856,0.0018416,0.0018416,0.0018416
6,33.4288,1.3479,0.88134,1.1472,0.95216,0.83206,0.93657,0.59657,1.27324,0.95577,1.10717,0.001802,0.001802,0.001802
7,38.4952,1.28156,0.82444,1.12962,0.89281,0.89015,0.96901,0.60016,1.27853,0.94419,1.07875,0.0017624,0.0017624,0.0017624
8,44.7587,1.26236,0.79717,1.11382,0.95035,0.91603,0.97523,0.60473,1.23008,0.81081,1.08641,0.0017228,0.0017228,0.0017228
9,49.4805,1.22518,0.7731,1.10103,0.98384,0.92965,0.97337,0.59959,1.26785,0.78219,1.13242,0.0016832,0.0016832,0.0016832
10,53.7433,1.27172,0.77588,1.10962,0.96071,0.93321,0.95486,0.60596,1.2578,0.84211,1.09357,0.0016436,0.0016436,0.0016436
11,59.6129,1.2237,0.76325,1.08737,0.98577,0.93893,0.98931,0.63458,1.24045,0.73726,1.13321,0.001604,0.001604,0.001604
12,64.3579,1.21597,0.72439,1.09096,0.99498,0.94656,0.99098,0.62391,1.18496,0.67383,1.06944,0.0015644,0.0015644,0.0015644
13,68.98,1.17273,0.71529,1.08732,0.96883,0.94894,0.98847,0.63383,1.24104,0.67597,1.09319,0.0015248,0.0015248,0.0015248
14,75.4061,1.20021,0.70028,1.0753,0.98193,0.92366,0.98759,0.61398,1.25828,0.66121,1.0931,0.0014852,0.0014852,0.0014852
15,80.0039,1.18418,0.67784,1.08208,0.98624,0.98473,0.99454,0.64318,1.15772,0.64639,1.07949,0.0014456,0.0014456,0.0014456
16,84.3341,1.157,0.66491,1.05983,0.99221,0.97241,0.98876,0.64638,1.12311,0.62185,1.06304,0.001406,0.001406,0.001406
17,91.6279,1.19223,0.65261,1.08891,0.98471,0.98298,0.99386,0.63581,1.1894,0.62129,1.07685,0.0013664,0.0013664,0.0013664
18,96.9625,1.15943,0.64507,1.06037,0.97969,0.96947,0.99271,0.66851,1.11567,0.61568,1.07132,0.0013268,0.0013268,0.0013268
19,104.737,1.14722,0.63882,1.04952,0.97331,0.9542,0.99144,0.64394,1.15731,0.61198,1.06596,0.0012872,0.0012872,0.0012872
20,109.911,1.15087,0.62513,1.06268,0.97442,0.98473,0.99006,0.66709,1.1161,0.58015,1.05701,0.0012476,0.0012476,0.0012476
21,114.864,1.14132,0.63168,1.07201,0.96256,0.98137,0.99088,0.64143,1.18748,0.62322,1.07732,0.001208,0.001208,0.001208
22,120.971,1.16763,0.64011,1.07326,0.9505,0.9771,0.98845,0.65896,1.22959,0.60257,1.09,0.0011684,0.0011684,0.0011684
23,125.834,1.14073,0.61045,1.05463,0.99052,0.9542,0.99066,0.65152,1.20179,0.59409,1.07815,0.0011288,0.0011288,0.0011288
24,130.385,1.11729,0.58795,1.04863,0.98887,0.94656,0.98931,0.6143,1.19047,0.60246,1.08332,0.0010892,0.0010892,0.0010892
25,136.12,1.12108,0.60616,1.04177,0.97674,0.96146,0.98775,0.63412,1.19432,0.58202,1.06549,0.0010496,0.0010496,0.0010496
26,140.69,1.1127,0.58158,1.04969,0.97417,0.96947,0.99171,0.66936,1.15906,0.56915,1.06129,0.00101,0.00101,0.00101
27,145.289,1.14438,0.59532,1.07635,0.9737,0.96947,0.98913,0.67058,1.14287,0.56132,1.05441,0.0009704,0.0009704,0.0009704
28,151.835,1.0988,0.56423,1.02049,0.97002,0.9771,0.99165,0.66142,1.1349,0.54062,1.05701,0.0009308,0.0009308,0.0009308
29,156.19,1.05715,0.54658,1.02912,0.9746,0.9771,0.99243,0.66267,1.12337,0.52357,1.05467,0.0008912,0.0008912,0.0008912
30,161.879,1.04325,0.54911,1.01084,0.97723,0.98264,0.9916,0.67073,1.11389,0.54877,1.04876,0.0008516,0.0008516,0.0008516
31,167.75,1.04275,0.56117,1.02794,0.98387,0.96947,0.98998,0.65171,1.12198,0.52425,1.05089,0.000812,0.000812,0.000812
32,172.494,1.06922,0.5435,1.02392,0.98412,0.94606,0.98814,0.66269,1.16679,0.56072,1.06676,0.0007724,0.0007724,0.0007724
33,178.226,1.06237,0.55262,1.01102,0.98205,0.96947,0.9924,0.67203,1.12158,0.53293,1.04821,0.0007328,0.0007328,0.0007328
34,183.801,1.03042,0.52172,1.01756,0.97701,0.97343,0.99307,0.66003,1.15781,0.51326,1.06794,0.0006932,0.0006932,0.0006932
35,188.732,1.03247,0.52547,1.01369,0.98316,0.96183,0.99344,0.67239,1.13925,0.52039,1.05652,0.0006536,0.0006536,0.0006536
36,194.997,1.0349,0.52177,1.01558,0.98189,0.96947,0.99297,0.66116,1.20449,0.52867,1.0866,0.000614,0.000614,0.000614
37,200.355,1.01953,0.51738,1.00485,0.99216,0.966,0.99329,0.64452,1.17663,0.50057,1.08127,0.0005744,0.0005744,0.0005744
38,205.688,1.05294,0.52336,1.01957,0.96695,0.99237,0.99317,0.65539,1.16141,0.49677,1.08506,0.0005348,0.0005348,0.0005348
39,211.58,1.01082,0.50198,1.00517,0.99185,0.96947,0.99358,0.66081,1.13714,0.48743,1.06441,0.0004952,0.0004952,0.0004952
40,216.126,0.99112,0.48583,0.98966,0.98468,0.98137,0.99322,0.67758,1.09404,0.4586,1.05366,0.0004556,0.0004556,0.0004556
41,223.842,1.00749,0.50764,1.02335,0.96822,0.99237,0.99316,0.6798,1.12766,0.49156,1.06057,0.000416,0.000416,0.000416
42,228.767,1.00885,0.49588,1.01354,0.98485,0.99261,0.99431,0.69166,1.07659,0.47896,1.03666,0.0003764,0.0003764,0.0003764
43,232.896,0.97976,0.48662,1.0001,0.99238,0.99407,0.99432,0.68688,1.04474,0.47677,1.02925,0.0003368,0.0003368,0.0003368
44,237.707,0.94603,0.4749,1.00242,0.97648,0.98473,0.99315,0.6743,1.10159,0.48034,1.04637,0.0002972,0.0002972,0.0002972
45,242.85,0.9534,0.47051,1.00075,0.98473,0.9845,0.9933,0.66478,1.10776,0.48973,1.04501,0.0002576,0.0002576,0.0002576
46,246.994,0.96013,0.46208,0.98583,0.98079,0.9771,0.99248,0.67105,1.0761,0.48028,1.03882,0.000218,0.000218,0.000218
47,250.998,0.94061,0.45634,0.99427,0.99224,0.97549,0.99348,0.65872,1.11363,0.4718,1.04862,0.0001784,0.0001784,0.0001784
48,256.451,0.97935,0.47004,1.00668,0.9829,0.9771,0.99315,0.66816,1.09447,0.46936,1.04333,0.0001388,0.0001388,0.0001388
49,260.677,0.93498,0.45241,0.97802,0.98471,0.98293,0.99302,0.67854,1.08838,0.46764,1.0419,9.92e-05,9.92e-05,9.92e-05
50,264.504,0.91709,0.43863,0.98528,0.98479,0.98852,0.99379,0.67819,1.09147,0.46193,1.04257,5.96e-05,5.96e-05,5.96e-05
